INSERT INTO item(`SKU`,
                 `Serial_number`,
                 `Description`,
                 `Manufacturer`,
                 `Stock_Count`)
     VALUES (1,
             990435,
             'Insulin Syringes, U-100',
             1,
             1000);INSERT INTO item(`SKU`,
                 `Serial_number`,
                 `Description`,
                 `Manufacturer`,
                 `Stock_Count`)
     VALUES (2,
             9001,
             'Patient Bed',
             3,
             NULL);INSERT INTO item(`SKU`,
                 `Serial_number`,
                 `Description`,
                 `Manufacturer`,
                 `Stock_Count`)
     VALUES (2,
             9002,
             'Patient Bed',
             3,
             NULL);INSERT INTO item(`SKU`,
                 `Serial_number`,
                 `Description`,
                 `Manufacturer`,
                 `Stock_Count`)
     VALUES (3,
             8001,
             'Patient Table',
             3,
             NULL);INSERT INTO item(`SKU`,
                 `Serial_number`,
                 `Description`,
                 `Manufacturer`,
                 `Stock_Count`)
     VALUES (3,
             8002,
             'Patient Table',
             3,
             NULL);INSERT INTO item(`SKU`,
                 `Serial_number`,
                 `Description`,
                 `Manufacturer`,
                 `Stock_Count`)
     VALUES (4,
             645,
             'Surgical Gloves, Non-Latex',
             2,
             1000);INSERT INTO item(`SKU`,
                 `Serial_number`,
                 `Description`,
                 `Manufacturer`,
                 `Stock_Count`)
     VALUES (5,
             75928437,
             'PCA Nebulizer',
             2,
             NULL);INSERT INTO item(`SKU`,
                 `Serial_number`,
                 `Description`,
                 `Manufacturer`,
                 `Stock_Count`)
     VALUES (5,
             75928438,
             'PCA Nebulizer',
             2,
             NULL);INSERT INTO item(`SKU`,
                 `Serial_number`,
                 `Description`,
                 `Manufacturer`,
                 `Stock_Count`)
     VALUES (6,
             2943587,
             'CareFusion Alaris PC',
             3,
             NULL);INSERT INTO item(`SKU`,
                 `Serial_number`,
                 `Description`,
                 `Manufacturer`,
                 `Stock_Count`)
     VALUES (7,
             832865,
             'Alaris Pump',
             NULL,
             NULL);INSERT INTO item(`SKU`,
                 `Serial_number`,
                 `Description`,
                 `Manufacturer`,
                 `Stock_Count`)
     VALUES (999999999,
             1,
             'Insulin Syringes',
             1,
             500);INSERT INTO item_manufacturer(`ID`, `Manufacturer`)
     VALUES (1, 'MedCo');INSERT INTO item_manufacturer(`ID`, `Manufacturer`)
     VALUES (2, 'MedSys');INSERT INTO item_manufacturer(`ID`, `Manufacturer`)
     VALUES (3, 'LifeAssist');INSERT INTO user_position(`ID`, `Position`)
     VALUES (1, 'Nurse');INSERT INTO user_position(`ID`, `Position`)
     VALUES (2, 'Doctor');INSERT INTO user_position(`ID`, `Position`)
     VALUES (3, 'Medical_Admin');INSERT INTO user_position(`ID`, `Position`)
     VALUES (4, 'Admin');INSERT INTO user_position(`ID`, `Position`)
     VALUES (5, 'SuperAdmin');INSERT INTO users(`Username`,
                  `Password`,
                  `FirstName`,
                  `LastName`,
                  `Position`,
                  `HasAccess`)
     VALUES ('Admin',
             '123',
             'admin',
             'admin',
             4,
             TRUE);INSERT INTO users(`Username`,
                  `Password`,
                  `FirstName`,
                  `LastName`,
                  `Position`,
                  `HasAccess`)
     VALUES ('bbanner',
             'hulk',
             'Bruce',
             'Banner',
             5,
             TRUE);INSERT INTO users(`Username`,
                  `Password`,
                  `FirstName`,
                  `LastName`,
                  `Position`,
                  `HasAccess`)
     VALUES ('Doctor',
             '123',
             'F_name',
             'L_Name',
             1,
             TRUE);INSERT INTO users(`Username`,
                  `Password`,
                  `FirstName`,
                  `LastName`,
                  `Position`,
                  `HasAccess`)
     VALUES ('Medical_admin',
             '123',
             'medical_admin',
             'medical_admin',
             3,
             TRUE);INSERT INTO users(`Username`,
                  `Password`,
                  `FirstName`,
                  `LastName`,
                  `Position`,
                  `HasAccess`)
     VALUES ('Nurse',
             '123',
             'D_nurse',
             '_nurse',
             1,
             TRUE);COMMIT;